{
    "stations": {
        "پرند": {
            "Shahr-e Parand3": [
                0.2708333333333333,
                0.35416666666666663,
                0.43749999999999994,
                0.5208333333333333,
                0.6041666666666666,
                0.6875,
                0.7708333333333334
            ],
            "Shahed - BagherShahr3": [
                0.2673611111111111,
                0.3506944444444444,
                0.43402777777777773,
                0.517361111111111,
                0.6006944444444445,
                0.6840277777777779,
                0.7673611111111113
            ]
        },
        "فرودگاهامامخميني(ره)": {
            "Shahr-e Parand3": [
                0.2881944444444444,
                0.37152777777777773,
                0.45486111111111105,
                0.5381944444444444,
                0.6215277777777778,
                0.7048611111111112,
                0.7881944444444445
            ],
            "Shahed - BagherShahr3": [
                0.24999999999999997,
                0.3333333333333333,
                0.41666666666666663,
                0.49999999999999994,
                0.5833333333333334,
                0.6666666666666667,
                0.7500000000000001
            ]
        },
        "شهرآفتاب": {
            "Shahr-e Parand3": [
                0.3055555555555555,
                0.38888888888888884,
                0.47222222222222215,
                0.5555555555555556,
                0.638888888888889,
                0.7222222222222223,
                0.8055555555555557
            ],
            "Shahed - BagherShahr3": [
                0.23263888888888887,
                0.3159722222222222,
                0.3993055555555555,
                0.48263888888888884,
                0.5659722222222222,
                0.6493055555555556,
                0.732638888888889
            ]
        },
        "شاهد": {
            "Shahr-e Parand3": [
                0.30902777777777773,
                0.39236111111111105,
                0.47569444444444436,
                0.5590277777777778,
                0.6423611111111112,
                0.7256944444444445,
                0.8090277777777779
            ],
            "Shahed - BagherShahr3": [
                0.22916666666666666,
                0.3125,
                0.3958333333333333,
                0.47916666666666663,
                0.5625,
                0.6458333333333334,
                0.7291666666666667
            ]
        }
    }
}