{
    "stations": {
        "هشتگرد": {
            "Shahid Sepahbod Qasem Soleimani4": [
                0.25,
                0.3125,
                0.375,
                0.4375,
                0.5,
                0.5625,
                0.6284722222222222,
                0.6979166666666666,
                0.7604166666666666
            ],
            "Shahid Sepahbod Qasem Soleimani5": [
                0.3125,
                0.375,
                0.4375,
                0.5,
                0.5625,
                0.6284722222222222,
                0.6979166666666666,
                0.7604166666666666
            ],
            "Golshahr4": [
                0.24791666666666665,
                0.3104166666666667,
                0.36944444444444446,
                0.43194444444444446,
                0.49444444444444446,
                0.5569444444444444,
                0.6194444444444444,
                0.6854166666666666,
                0.754861111111111
            ],
            "Golshahr5": [
                0.3104166666666667,
                0.36944444444444446,
                0.43194444444444446,
                0.49444444444444446,
                0.5569444444444444,
                0.6194444444444444,
                0.6854166666666666,
                0.754861111111111
            ]
        },
        "ماموت": {
            "Shahid Sepahbod Qasem Soleimani4": [
                0.25833333333333336,
                0.32083333333333336,
                0.38333333333333336,
                0.44583333333333336,
                0.5083333333333333,
                0.5708333333333333,
                0.6368055555555555,
                0.7062499999999999,
                0.7687499999999999
            ],
            "Shahid Sepahbod Qasem Soleimani5": [
                0.32083333333333336,
                0.38333333333333336,
                0.44583333333333336,
                0.5083333333333333,
                0.5708333333333333,
                0.6368055555555555,
                0.7062499999999999,
                0.7687499999999999
            ],
            "Golshahr4": [
                0.23680555555555555,
                0.29930555555555555,
                0.35833333333333334,
                0.42083333333333334,
                0.48333333333333334,
                0.5458333333333333,
                0.6083333333333333,
                0.6743055555555555,
                0.7437499999999999
            ],
            "Golshahr5": [
                0.29930555555555555,
                0.35833333333333334,
                0.42083333333333334,
                0.48333333333333334,
                0.5458333333333333,
                0.6083333333333333,
                0.6743055555555555,
                0.7437499999999999
            ]
        },
        "گلشهر": {
            "Shahid Sepahbod Qasem Soleimani4": [
                0.27569444444444446,
                0.33819444444444446,
                0.40069444444444446,
                0.46319444444444446,
                0.5256944444444445,
                0.5881944444444445,
                0.6541666666666667,
                0.7236111111111111,
                0.7861111111111111
            ],
            "Shahid Sepahbod Qasem Soleimani5": [
                0.33819444444444446,
                0.40069444444444446,
                0.46319444444444446,
                0.5256944444444445,
                0.5881944444444445,
                0.6541666666666667,
                0.7236111111111111,
                0.7861111111111111
            ],
            "Golshahr4": [
                0.2222222222222222,
                0.2847222222222222,
                0.34375,
                0.40625,
                0.46875,
                0.53125,
                0.59375,
                0.6597222222222222,
                0.7291666666666666
            ],
            "Golshahr5": [
                0.2847222222222222,
                0.34375,
                0.40625,
                0.46875,
                0.53125,
                0.59375,
                0.6597222222222222,
                0.7291666666666666
            ]
        }
    }
}