{
    "stations": {
        "Shahid Sepahbod Qasem Soleimani": {
            "هشتگرد - عادي": {
                "timetable": [
                    0.25,
                    0.3125,
                    0.375,
                    0.4375,
                    0.5,
                    0.5625,
                    0.6284722222222222,
                    0.6979166666666666,
                    0.7604166666666666
                ]
            },
            "هشتگرد - تعطيل": {
                "timetable": [
                    0.3125,
                    0.375,
                    0.4375,
                    0.5,
                    0.5625,
                    0.6284722222222222,
                    0.6979166666666666,
                    0.7604166666666666
                ]
            },
            "گلشهر - عادي": {
                "timetable": [
                    0.24791666666666665,
                    0.3104166666666667,
                    0.36944444444444446,
                    0.43194444444444446,
                    0.49444444444444446,
                    0.5569444444444444,
                    0.6194444444444444,
                    0.6854166666666666,
                    0.754861111111111
                ]
            },
            "گلشهر - تعطيل": {
                "timetable": [
                    0.3104166666666667,
                    0.36944444444444446,
                    0.43194444444444446,
                    0.49444444444444446,
                    0.5569444444444444,
                    0.6194444444444444,
                    0.6854166666666666,
                    0.754861111111111
                ]
            }
        },
        "Golshahr": {
            "هشتگرد - عادي": {
                "timetable": [
                    0.27569444444444446,
                    0.33819444444444446,
                    0.40069444444444446,
                    0.46319444444444446,
                    0.5256944444444445,
                    0.5881944444444445,
                    0.6541666666666667,
                    0.7236111111111111,
                    0.7861111111111111
                ]
            },
            "هشتگرد - تعطيل": {
                "timetable": [
                    0.33819444444444446,
                    0.40069444444444446,
                    0.46319444444444446,
                    0.5256944444444445,
                    0.5881944444444445,
                    0.6541666666666667,
                    0.7236111111111111,
                    0.7861111111111111
                ]
            },
            "گلشهر - عادي": {
                "timetable": [
                    0.2222222222222222,
                    0.2847222222222222,
                    0.34375,
                    0.40625,
                    0.46875,
                    0.53125,
                    0.59375,
                    0.6597222222222222,
                    0.7291666666666666
                ]
            },
            "گلشهر - تعطيل": {
                "timetable": [
                    0.2847222222222222,
                    0.34375,
                    0.40625,
                    0.46875,
                    0.53125,
                    0.59375,
                    0.6597222222222222,
                    0.7291666666666666
                ]
            }
        }
    }
}
